surface_interp,bed_interp,snow_thickness,x_dense,slowtime
1.2762498617928435,2.4476384167525516,1.171388554959708,4937.67611,4937.67611
1.2679056293084447,2.4476384167525516,1.1797327874441068,4938.175225110594,4937.69751
1.2595613968240307,2.4476384167525516,1.1880770199285209,4938.674340221188,4938.67634
1.2512171643396317,2.4476384167525516,1.1964212524129199,4939.173455331781,4938.69731
1.2428729318552176,2.4476384167525516,1.204765484897334,4939.672570442375,4939.67553
1.2345286993708189,2.4476384167525516,1.2131097173817327,4940.1716855529685,4939.69693
1.2261844668864048,2.4476384167525516,1.2214539498661467,4940.670800663563,4940.68042
1.2652926880733097,2.4476384167525516,1.1823457286792418,4941.169915774156,4940.701690000001
1.2379131752338435,2.427226825886811,1.1893136506529676,4941.66903088475,4941.67321
1.2112691475853856,2.3994822528761994,1.1882131052908138,4942.168145995343,4941.69455
1.1857149356018601,2.374170907021584,1.1884559714197238,4942.6672611059375,4942.673610000001
1.196721009146524,2.351156244055117,1.1544352349085931,4943.166376216531,4942.69478
1.1754364772771793,2.3655816334443323,1.190145156167153,4943.665491327125,4943.66717
1.1915854875046017,2.4220790408907993,1.2304935533861976,4944.164606437718,4943.68861
1.2114978604787774,2.4207306475351302,1.2092327870563528,4944.663721548312,4944.67206
1.1879101731542852,2.3153278953696854,1.1274177222154003,4945.162836658906,4944.69424
1.1699154121692399,2.276273244316719,1.1063578321474792,4945.6619517695,4945.66888
1.1996966366612642,2.2538718247208123,1.054175188059548,4946.161066880093,4945.6906500000005
1.2410644340198151,2.337906616577502,1.096842182557687,4946.660181990687,4946.678089999999
1.1931817734212844,2.3790676036528944,1.18588583023161,4947.159297101281,4946.69933
1.1711264218912607,2.3614902805374522,1.1903638586461915,4947.658412211875,4947.6675
1.1670194949653465,2.3820249151670336,1.2150054202016871,4948.157527322468,4947.68934
1.162912568039425,2.37067428939004,1.207761721350615,4948.656642433062,4948.67108
1.2131389089111646,2.324227007457797,1.1110880985466325,4949.155757543655,4948.69252
1.2780661847511106,2.3489222543326327,1.0708560695815221,4949.65487265425,4949.6686
1.2751841307680116,2.3771048400462296,1.101920709278218,4950.153987764843,4949.69004
1.3193927857402692,2.3810144033391967,1.0616216175989275,4950.653102875437,4950.66769
1.2932036865025656,2.3381595136775,1.0449558271749346,4951.15221798603,4950.689230000001
1.270261757200648,2.3058171143160804,1.0355553571154323,4951.6513330966245,4951.66769
1.2706061535885655,2.3579681105740287,1.0873619569854631,4952.150448207218,4951.68882
1.2709505499764835,2.389254013109999,1.1183034631335156,4952.649563317812,4952.6765
1.271294946364401,2.3825366424259222,1.1112416960615212,4953.148678428405,4952.69677
1.271639342752319,2.3642836338662723,1.0926442911139533,4953.647793538999,4953.665400000001
1.2728254028670332,2.346030625306656,1.073205222439623,4954.146908649593,4953.68721
1.275206230070465,2.3957212264133876,1.1205149963429226,4954.646023760187,4954.66426
1.283196093199661,2.543377855568565,1.2601817623689038,4955.14513887078,4954.6857
1.300747062968566,2.5625433751011704,1.2617963121326043,4955.644253981374,4955.6655
1.3148570024299966,2.541347734199651,1.2264907317696543,4956.1433690919675,4955.68674
1.2747003835987751,2.536586079792787,1.2618856961940117,4956.642484202562,4956.66372
1.234543764767627,2.4912155453838807,1.2566717806162537,4957.141599313155,4956.68509
1.242718188198492,2.4481624981129704,1.2054443099144785,4957.640714423749,4957.66301
1.2602106547347869,2.4415914150315094,1.1813807602967226,4958.139829534342,4957.68432
1.265354242990862,2.4274462666451275,1.1620920236542656,4958.638944644937,4958.66895
1.265354242990862,2.4036379946108304,1.1382837516199684,4959.13805975553,4958.69008
1.265354242990862,2.389254013109999,1.123899770119137,4959.637174866124,4959.6614
1.2658687101057473,2.389254013109999,1.1233853030042518,4960.136289976717,4959.683410000001
1.2668827661368391,2.404939325051988,1.138056558915149,4960.6354050873115,4960.66241
1.267896822167929,2.4271036925886786,1.1592068704207497,4961.134520197905,4960.68351
1.2598635243093377,2.460447803229337,1.2005842789199994,4961.633635308499,4961.65396
1.2315713610419436,2.5334598374677806,1.301888476425837,4962.132750419092,4961.67546
1.2412375770255217,2.5538379542916214,1.3126003772660997,4962.631865529686,4962.66016
1.2843349583468406,2.4740628965874114,1.1897279382405708,4963.13098064028,4962.68203
1.3274323396682381,2.438404475566201,1.1109721358979627,4963.630095750874,4963.657099999999
1.3162208671362832,2.419108437946034,1.102887570809751,4964.129210861467,4963.67854
1.2074039332568807,2.3998124003258328,1.192408467068952,4964.628325972061,4964.6622
1.2122714022061116,2.3811181364825904,1.1688467342764788,4965.1274410826545,4964.68407
1.2171388711553512,2.3648208074114763,1.147681936256125,4965.626556193249,4965.65593
1.2185992455064596,2.348523478340392,1.1299242328339323,4966.125671303842,4965.677769999999
1.215424809235214,2.397518028576612,1.182093219341398,4966.624786414436,4966.65905
1.205312294482424,2.4300791228095027,1.2247668283270787,4967.123901525029,4966.68025
1.1838848496515366,2.3586543067065446,1.174769457055008,4967.623016635624,4967.65448
1.169300115646928,2.3184844651436474,1.1491843494967193,4968.122131746217,4967.67693
1.1682049351333488,2.320418380531864,1.1522134453985151,4968.621246856811,4968.65894
1.1671097546197715,2.2907572416224875,1.123647487002716,4969.120361967404,4968.68065
1.1660145741061922,2.2610961027130574,1.0950815286068651,4969.619477077998,4969.65254
1.1649193935926148,2.3294234497797195,1.1645040561871047,4970.118592188592,4969.67374
1.2130172000631763,2.3907080483949024,1.177690848331726,4970.617707299185,4970.661480000001
1.266946543534902,2.3602863674621335,1.0933398239272314,4971.116822409779,4970.683129999999
1.2518043935764729,2.425877814713945,1.1740734211374722,4971.615937520372,4971.66333
1.2321993103087037,2.428292363982595,1.1960930536738914,4972.115052630967,4971.684730000001
1.2429135609467628,2.385830152955737,1.142916592008974,4972.61416774156,4972.64787
1.2794195780660562,2.3599282560012584,1.0805086779352022,4973.113282852154,4972.6698799999995
1.3076520823335271,2.4544144179568654,1.1467623356233383,4973.612397962747,4973.65253
1.3082224888510168,2.4116245908358707,1.103402101984854,4974.1115130733415,4973.67397
1.308792895368505,2.3352080040614243,1.0264151086929192,4974.610628183935,4974.6535300000005
1.2746064704105031,2.3960464933464514,1.1214400229359482,4975.109743294529,4974.67484
1.1853695396746466,2.3024503800805145,1.1170808404058679,4975.608858405122,4975.64562
1.190640714631812,2.3166966306636576,1.1260559160318455,4976.107973515716,4975.66716
1.2213826237848528,2.3309428812467745,1.1095602574619217,4976.60708862631,4976.6544699999995
1.2521245329379496,2.3451891318299176,1.093064598891968,4977.106203736904,4976.67715
1.2863104454835206,2.369794217535065,1.0834837720515442,4977.605318847497,4977.64786
1.2967948071156858,2.409220716023933,1.112425908908247,4978.104433958091,4977.66974
1.206743068383799,2.429500803620926,1.2227577352371268,4978.6035490686845,4978.652150000001
1.1884900598241521,2.368222846313537,1.1797327864893847,4979.102664179279,4978.67349
1.1722736831821465,2.3069448890062594,1.1346712058241128,4979.601779289872,4979.64907
1.1893098245044853,2.3143416615287524,1.1250318370242671,4980.100894400466,4979.6712800000005
1.206345965826793,2.3565923969921325,1.1502464311653395,4980.600009511059,4980.65088
1.2259804814281812,2.4488714958215296,1.2228910143933485,4981.099124621654,4980.67195
1.2496417888202913,2.469387058885328,1.2197452700650366,4981.598239732247,4981.64481
1.2733030962124445,2.4245888550686923,1.1512857588562477,4982.097354842841,4981.66665
1.2240122257337396,2.3867307632413444,1.1627185375076048,4982.596469953434,4982.65155
1.2218648129620147,2.351447860884175,1.1295830479221602,4983.0955850640285,4982.67292
1.2341360127257872,2.3804379333023897,1.1463019205766025,4983.594700174622,4983.63931
1.2487384195735085,2.4094280057206574,1.160689586147149,4984.093815285216,4983.6604800000005
1.2633408264212034,2.4376458339064975,1.174305007485294,4984.592930395809,4984.64618
1.2732142965341218,2.422773012117144,1.1495587155830223,4985.092045506403,4984.667280000001
1.2724030517092497,2.407900190327818,1.1354971386185684,4985.591160616997,4985.6443
1.2715918068843761,2.4130687246794342,1.141476917795058,4986.090275727591,4985.66571
1.270780562059504,2.4305916128966625,1.1598110508371584,4986.589390838184,4986.6471200000005
1.2580178395469257,2.4314800936788514,1.1734622541319257,4987.088505948778,4986.668549999999
1.2328300734048978,2.4071427489326807,1.1743126755277828,4987.5876210593715,4987.64051
1.2525433226493154,2.389937257933917,1.1373939352846016,4988.086736169966,4987.66188
1.2718093640018746,2.3745362819617406,1.102726917959866,4988.585851280559,4988.64714
1.2702882799552369,2.3591353059895366,1.0888470260342997,4989.084966391153,4988.668320000001
1.2687671959086018,2.463013834076791,1.194246638168189,4989.584081501746,4989.6426200000005
1.2672461118619638,2.4617288564003657,1.1944827445384019,4990.0831966123405,4989.66372
1.2657250278153287,2.39599852136648,1.1302734935511511,4990.582311722934,4990.639099999999
1.264203943768691,2.314772633275988,1.0505686895072972,4991.081426833528,4990.66154
1.2133519286215362,2.3319361967974377,1.1185842681759015,4991.580541944121,4991.640469999999
1.1906988611841747,2.379013286940993,1.1883144257568181,4992.079657054715,4991.66318
1.2586406152672338,2.4415840808131213,1.1829434655458875,4992.578772165309,4992.6404
1.2367723359581582,2.4917772614026013,1.255004925444443,4993.077887275903,4992.66147
1.262720947274623,2.4716989519870243,1.2089780047124012,4993.577002386496,4993.63929
1.3390517103422253,2.451620642571411,1.1125689322291856,4994.07611749709,4993.66097
1.3140717848153303,2.418707228439812,1.1046354436244816,4994.575232607684,4994.63916
1.234106223506339,2.3844833431812646,1.1503771196749257,4995.074347718278,4994.66023
1.2172294614259795,2.369359421803296,1.1521299603773165,4995.573462828871,4995.639929999999
1.2179054987800404,2.3542355004253,1.1363300016452595,4996.072577939465,4995.661230000001
1.2185815361341001,2.342597544009224,1.1240160078751238,4996.5716930500585,4996.63899
1.2192575734881612,2.34442284486519,1.1251652713770288,4997.070808160653,4996.661059999999
1.219933610842221,2.3458569280496184,1.1259233172073975,4997.569923271246,4997.63654
1.2492610422288,2.346769578477601,1.097508536248801,4998.06903838184,4997.65865
1.2702196099610745,2.347682228905582,1.0774626189445073,4998.568153492433,4998.63925
1.2702196099610745,2.3485948793335645,1.07837526937249,4999.0672686030275,4998.660559999999
1.2702196099610745,2.3762042700280857,1.1059846600670111,4999.566383713621,4999.63228
1.2702196099610745,2.3992131849960945,1.12899357503502,5000.065498824215,4999.65345
1.2702196099610745,2.4000428672033505,1.129823257242276,5000.564613934808,5000.64042
1.2699922131580095,2.4078522335502113,1.1378600203922018,5001.063729045402,5000.66229
1.269535887944019,2.430451196528776,1.160915308584757,5001.562844155996,5001.628519999999
1.2690795627300278,2.4026527945095353,1.1335732317795075,5002.06195926659,5001.65019
1.2686232375160373,2.3655206261929096,1.0968973886768723,5002.561074377183,5002.63542
1.241881483495637,2.408787016852814,1.166905533357177,5003.060189487777,5002.65659
1.246240767001048,2.45205340751264,1.2058126405115919,5003.5593045983705,5003.6323
1.3489928227366257,2.349770436551682,1.0007776138150561,5004.058419708965,5003.65358
1.365905160375258,2.3360231580698354,0.9701179976945773,5004.557534819558,5004.63187
1.365905160375258,2.3972246903471826,1.0313195299719244,5005.056649930151,5004.65344
1.3009950784296043,2.4043656619475744,1.1033705835179701,5005.555765040745,5005.63126
1.226103634084161,2.3519528663383684,1.1258492322542075,5006.054880151339,5005.65317
1.2026354802217567,2.3519528663383684,1.1493173861166117,5006.553995261933,5006.636759999999
1.1791673263593954,2.3519528663383684,1.172785539978973,5007.053110372526,5006.65877
1.1782702938436027,2.3628090592467226,1.1845387654031199,5007.55222548312,5007.628110000001
1.1977009158586776,2.373996387073591,1.1762954712149134,5008.051340593714,5007.64988
1.217131537873788,2.36981031898212,1.152678781108332,5008.550455704308,5008.63038
1.199191901345851,2.3320400781778567,1.1328481768320058,5009.049570814901,5008.65149
1.1897025214336023,2.309441115199229,1.1197385937656266,5009.548685925495,5009.6259900000005
1.2344707079973638,2.368737858454481,1.1342671504571173,5010.0478010360885,5009.64736
1.2304778623749404,2.3861697322596656,1.1556918698847252,5010.546916146683,5010.62938
1.2264850167525243,2.3521163771382194,1.1256313603856951,5011.046031257276,5010.65075
1.2224921711301011,2.3547239497895998,1.1322317786594986,5011.54514636787,5011.62525
1.218499325507685,2.3573315224409748,1.1388321969332897,5012.044261478463,5011.6470899999995
1.2145064798852616,2.356341320387469,1.1418348405022074,5012.5433765890575,5012.62636
1.2410356555487265,2.3526907186755466,1.11165506312682,5013.042491699651,5012.64783
1.289788924631517,2.349040116963618,1.0592511923321009,5013.541606810245,5013.625690000001
1.272959214826027,2.3453895152516955,1.0724303004256686,5014.040721920838,5013.64786
1.272270422050191,2.3433863109862205,1.0711158889360295,5014.539837031432,5014.62645
1.2715816292743565,2.3425927019184107,1.0710110726440543,5015.038952142026,5014.64866
1.2708928364985208,2.335003167219085,1.0641103307205644,5015.53806725262,5015.62256
1.2649395418997498,2.3214606124813058,1.056521070581556,5016.037182363213,5015.64444
1.1799507185337401,2.3079180577435014,1.1279673392097613,5016.536297473807,5016.6241
1.2033373857507632,2.347561415353074,1.1442240296023107,5017.035412584401,5016.64534
1.2267240529678287,2.4021537549341216,1.175429701966293,5017.534527694995,5017.62115
1.2304787637488552,2.357825019860805,1.1273462561119498,5018.033642805588,5017.643929999999
1.227160034919828,2.346458786795788,1.1192987518759598,5018.532757916182,5018.62842
1.2238413060908069,2.345629104588532,1.121787798497725,5019.031873026775,5018.64949
1.2210045728339394,2.3063768145652253,1.0853722417312859,5019.53098813737,5019.6189699999995
1.2182860396442088,2.2926408849986717,1.074354845354463,5020.030103247963,5019.64007
1.2155675064544733,2.2913820568221444,1.075814550367671,5020.529218358557,5020.62125
1.2128489732647427,2.290502097625722,1.0776531243609795,5021.02833346915,5020.64295
1.1976636121037318,2.291608340568731,1.0939447284649992,5021.5274485797445,5021.62051
1.175064649125167,2.292714583511738,1.1176499343865711,5022.026563690338,5021.64191
1.165582005528796,2.300045799175066,1.13446379364627,5022.525678800932,5022.62134
1.2153433949981975,2.3284393680455984,1.1130959730474008,5023.024793911525,5022.64301
1.2620397633150504,2.3405437113251257,1.0785039480100753,5023.523909022119,5023.61342
1.241124702142086,2.3430327579468924,1.1019080558048064,5024.023024132713,5023.6355
1.2792046140036806,2.345521804568663,1.0663171905649824,5024.522139243307,5024.624519999999
1.3199228638674336,2.348010851190429,1.0280879873229956,5025.0212543539,5024.64643
1.3606411137312608,2.3296691411643176,0.9690280274330567,5025.520369464494,5025.61892
1.2834231735529114,2.3032022787528845,1.0197791051999732,5026.0194845750875,5025.64009
1.2374386523238452,2.3244792280851843,1.087040575761339,5026.518599685682,5026.619320000001
1.2227250217855483,2.3486750766409585,1.1259500548554102,5027.017714796275,5026.6417
1.2497394744538246,2.3728709251967763,1.1231314507429517,5027.516829906869,5027.61751
1.273322015089186,2.38617840715348,1.112856392064294,5028.015945017462,5027.63932
1.272163093910795,2.333637117370294,1.0614740234594988,5028.515060128057,5028.61757
1.2710041727324064,2.293750913480767,1.0227467407483608,5029.01417523865,5028.6393499999995
1.2698452515540157,2.262800231410231,0.9929549798562152,5029.513290349244,5029.6127400000005
1.268686330375627,2.2915425680945183,1.0228562377188912,5030.012405459837,5029.633849999999
1.2675274091972362,2.274050101558176,1.0065226923609398,5030.5115205704315,5030.61844
1.2472755255633219,2.2707369463022355,1.0234614207389137,5031.010635681025,5030.63988
1.2106743414024532,2.337230048912332,1.1265557075098787,5031.509750791619,5031.62675
1.2441381904284377,2.3973228900501207,1.153184699621683,5032.008865902212,5031.64799
1.257585705902,2.351690368650968,1.0941046627489681,5032.507981012806,5032.614280000001
1.242755136447312,2.3551913932778947,1.1124362568305828,5033.0070961234,5032.636759999999
1.2279245669925967,2.3715561595727515,1.1436315925801548,5033.506211233994,5033.6128
1.2215659402589476,2.3707304978589803,1.1491645576000327,5034.005326344587,5033.63397
1.2215659402589476,2.3074534015188215,1.085887461259874,5034.504441455181,5034.6111900000005
1.2215659402589476,2.2678175531884617,1.046251612929514,5035.0035565657745,5034.6325
1.2215659402589476,2.2676088551924227,1.0460429149334751,5035.502671676369,5035.60911
1.238134841111167,2.287889975814231,1.049755134703064,5036.001786786962,5035.63105
1.270335721103076,2.312392854536895,1.0420571334338191,5036.500901897556,5036.61548
1.2721929803566219,2.3502486357216483,1.0780556553650265,5037.000017008149,5036.63655
1.2740502396101678,2.3881044169064016,1.1140541772962338,5037.499132118743,5037.61041
1.2618956771120133,2.372844008495684,1.1109483313836706,5037.998247229337,5037.63159
1.2321141622716982,2.344160429686335,1.1120462674146367,5038.49736233993,5038.61071
1.3365493741902488,2.367346487766139,1.0307971135758902,5038.996477450524,5038.63199
1.4139899520117887,2.388623687420287,0.9746337354084982,5039.4955925611175,5039.60645
1.216700573288735,2.330441655403458,1.1137410821147231,5039.994707671712,5039.62763
1.2217218111760506,2.328623299023382,1.1069014878473313,5040.493822782305,5040.61024
1.2467354371411379,2.3578283974474883,1.1110929603063504,5040.992937892899,5040.63148
1.2717490631061794,2.3870334958715413,1.115284432765362,5041.492053003492,5041.60122
1.2743959127561484,2.393399637461806,1.1190037247056577,5041.991168114087,5041.62259
1.2783245210866083,2.399287762144074,1.1209632410574655,5042.49028322468,5042.61342
1.2970106787401525,2.4252215716487817,1.1282108929086292,5042.989398335274,5042.63533
1.2747862468812068,2.4888659406501072,1.2140796937689005,5043.488513445867,5043.60581
1.2740842012460118,2.490894072485113,1.2168098712391011,5043.9876285564615,5043.62725
1.2728612334868286,2.394560862326788,1.1216996288399594,5044.486743667055,5044.60688
1.2676460373396647,2.314080903601258,1.0464348662615932,5044.985858777649,5044.62816
1.256044803351888,2.2506706515749397,0.9946258482230517,5045.484973888242,5045.6045300000005
1.225242551107724,2.276391050755264,1.0511484996475398,5045.984088998836,5045.62631
1.2214554906706698,2.2895589321501726,1.0681034414795028,5046.48320410943,5046.6039900000005
1.2213261277858685,2.254356358156842,1.0330302303709735,5046.982319220024,5046.62533
1.184819754755794,2.2191537841635753,1.0343340294077814,5047.481434330617,5047.6042
1.1863670983736962,2.2647022536801438,1.0783351553064475,5047.980549441211,5047.62537
1.219944151268877,2.297405802810555,1.077461651541678,5048.4796645518045,5048.607349999999
1.2607430157306083,2.2955804841590486,1.0348374684284403,5048.978779662399,5048.62862
1.3885153213357582,2.32299504639127,0.9344797250555119,5049.477894772992,5049.60296
1.3235703781363315,2.336222065298417,1.0126516871620856,5049.977009883586,5049.62416
1.3053171916212982,2.3108704173608943,1.005553225739596,5050.476124994179,5050.60342
1.2870640051062319,2.327272338692173,1.0402083335859413,5050.975240104774,5050.6251600000005
1.2767866400289332,2.3562027954699705,1.0794161554410373,5051.474355215367,5051.60074
1.2623056305289488,2.384773000450097,1.122467369921148,5051.973470325961,5051.62208
1.2279466912065555,2.402006413355922,1.1740597221493665,5052.472585436554,5052.59591
1.2750180441500194,2.401436001277326,1.1264179571273067,5052.971700547148,5052.6169500000005
1.3029445995436337,2.4008655891987316,1.0979209896550979,5053.470815657742,5053.60084
1.2715711153028006,2.385424082019141,1.1138529667163402,5053.969930768336,5053.62244
1.2210238295688198,2.3576097025676512,1.1365858729988314,5054.469045878929,5054.6052199999995
1.2380682556049016,2.39178723492984,1.1537189793249383,5054.968160989523,5054.6274
1.2589290401935038,2.408414727050324,1.1494856868568202,5055.467276100117,5055.59825
1.2550418473932652,2.3172339395631396,1.0621920921698744,5055.966391210711,5055.61949
1.2240204345828252,2.3688190318882274,1.1447985973054022,5056.465506321304,5056.59842
1.2464220725785706,2.3922477121820647,1.145825639603494,5056.964621431898,5056.61959
1.263714080884038,2.376022657502032,1.1123085766179939,5057.4637365424915,5057.59684
1.2248251621614639,2.359797602821969,1.1349724406605053,5057.962851653086,5057.61858
1.2257858561885708,2.3563142463369777,1.130528390148407,5058.461966763679,5058.59698
1.2267465502156796,2.384869705635402,1.1581231554197222,5058.961081874273,5058.61805
1.2277072442427865,2.3341664097602983,1.1064591655175118,5059.460196984866,5059.59138
1.281970014508185,2.311408141586596,1.029438127078411,5059.9593120954605,5059.61355
1.2845053805155537,2.311408141586596,1.0269027610710422,5060.458427206054,5060.60163
1.2272501817857815,2.353878851141054,1.1266286693552725,5060.957542316648,5060.62294
1.224816423583777,2.3837763263065983,1.1589599027228212,5061.456657427241,5061.59399
1.2223826653817682,2.386639571250137,1.164256905868369,5061.955772537835,5061.61519
1.2212627465566008,2.389502816193671,1.1682400696370703,5062.454887648429,5062.595230000001
1.2208064168937243,2.3923660611372104,1.1715596442434861,5062.954002759023,5062.61754
1.2203500872308486,2.3952293060807444,1.1748792188498958,5063.453117869616,5063.58926
1.2198972734075701,2.4198918212228437,1.1999945478152736,5063.95223298021,5063.61047
1.2194727806979182,2.4067187523926683,1.18724597169475,5064.451348090804,5064.59301
1.2190482879882651,2.299370189860627,1.0803219018723618,5064.950463201398,5064.61419
1.2186237952786132,2.3021783724014018,1.0835545771227886,5065.449578311991,5065.58922
1.226524291940003,2.3052379039863458,1.0787136120463428,5065.948693422585,5065.61046
1.2548167310382947,2.318810786266752,1.0639940552284575,5066.447808533178,5066.59697
1.2683986260613862,2.3323836685471835,1.0639850424857973,5066.946923643773,5066.61904
1.2680102603908536,2.34595655082759,1.0779462904367363,5067.446038754366,5067.58986
1.2676218947203202,2.3410609885446543,1.0734390938243341,5067.94515386496,5067.6117699999995
1.2672335290497876,2.3215489615803047,1.054315432530517,5068.444268975553,5068.58955
1.256616748984879,2.3020369346159195,1.0454201856310406,5068.9433840861475,5068.6116600000005
1.225874540117457,2.3224609592532155,1.0965864191357586,5069.442499196741,5069.5868
1.2395053977000061,2.3436346556106598,1.1041292579106536,5069.941614307334,5069.60821
1.2683736172320013,2.359740919036988,1.0913673018049865,5070.440729417928,5070.58438
1.2673869585014588,2.374249862164319,1.10686290366286,5070.9398445285215,5070.60569
1.2664002997709145,2.388758805291676,1.1223585055207617,5071.438959639116,5071.58492
1.2654136410403722,2.394101607385235,1.1286879663448628,5071.938074749709,5071.60639
1.219944151268877,2.3775596571059565,1.1576155058370796,5072.437189860303,5072.59655
1.219944151268877,2.361017706826708,1.1410735555578313,5072.936304970896,5072.61856
1.2277537064625985,2.3444757565474297,1.1167220500848312,5073.4354200814905,5073.58763
1.2570350924131573,2.327933806268181,1.0708987138550237,5073.934535192084,5073.60931
1.2292585042380348,2.3113918559889024,1.0821333517508676,5074.433650302678,5074.58736
1.1948567423504575,2.326323638220587,1.1314668958701295,5074.932765413271,5074.60863
1.1787164809036759,2.3614779233607095,1.1827614424570336,5075.431880523865,5075.5827
1.1950814067447317,2.38645085257223,1.1913694458274984,5075.930995634459,5075.60394
1.2114463325858171,2.3730948624392543,1.1616485298534371,5076.430110745053,5076.58508
1.2364286170547458,2.359738872306303,1.123310255251557,5076.929225855646,5076.60635
1.262617971619838,2.346382882173327,1.083764910553489,5077.42834096624,5077.58156
1.2674832236644593,2.3509507269434518,1.0834675032789924,5077.927456076834,5077.6033
1.2680916632149613,2.369203913458519,1.101112250243558,5078.426571187428,5078.58846
1.2650747813840952,2.387457099973554,1.1223823185894586,5078.925686298021,5078.60967
1.2441174190890063,2.3915999176026217,1.1474824985136154,5079.424801408615,5079.58182
1.2231600567939553,2.359388411987839,1.1362283551938837,5079.923916519208,5079.603160000001
1.168403391089392,2.350829689486606,1.182426298397214,5080.423031629803,5080.58349
1.192165909144056,2.3493694345654044,1.1572035254213484,5080.922146740396,5080.6052
1.2179164248014136,2.336207589701545,1.1182911649001313,5081.42126185099,5081.5738
1.1905366450288604,2.3133911065577415,1.1228544615288811,5081.920376961583,5081.59491
1.1666849945781315,2.310674333327357,1.1439893387492255,5082.4194920721775,5082.58
1.197976171461027,2.336228794448395,1.1382526229873677,5082.918607182771,5082.60138
1.2224539821168672,2.346922634055888,1.1244686519390208,5083.417722293365,5083.5797
1.2186774607689288,2.33847941210939,1.1198019513404613,5083.916837403958,5083.601809999999
1.2149009394209833,2.2983683136962534,1.08346737427527,5084.415952514552,5084.584559999999
1.236005241918895,2.297933714017324,1.061928472098429,5084.915067625146,5084.605769999999
1.2714392693524115,2.297499114338394,1.0260598449859826,5085.41418273574,5085.57799
1.2495354455343717,2.2970645146594646,1.047529069125093,5085.913297846333,5085.5993
1.2276316217162921,2.2970245206539515,1.0693928989376593,5086.412412956927,5086.57829
1.2216546289256223,2.297531553612702,1.0758769246870798,5086.9115280675205,5086.59963
1.244885957217528,2.2980385865714537,1.0531526293539257,5087.410643178115,5087.57728
1.2512165469353211,2.2984338296660285,1.0472172827307074,5087.909758288708,5087.59896
1.2320026663931472,2.2984338296660285,1.0664311632728813,5088.408873399302,5088.57409
1.2353415790042632,2.2984338296660285,1.0630922506617653,5088.907988509895,5088.59537
1.247890644733367,2.3054689146182006,1.0575782698848335,5089.40710362049,5089.5763
1.260439710462448,2.340716447198961,1.080276736736513,5089.906218731083,5089.5974400000005
1.2884818436309378,2.3759639797797854,1.0874821361488476,5090.405333841677,5090.58508
1.31881926944435,2.3673245208737983,1.0485052514294484,5090.90444895227,5090.60699
1.2650204039262634,2.332121946880442,1.0671015429541786,5091.4035640628645,5091.58488
1.243198884653158,2.3101581640453435,1.0669592793921854,5091.902679173458,5091.6061500000005
1.2916095097583284,2.372903492690863,1.0812939829325348,5092.401794284052,5092.57133
1.3217590454048522,2.389621535555493,1.0678624901506406,5092.900909394645,5092.59264
1.3023650347325884,2.375931645669198,1.0735666109366098,5093.400024505239,5093.57089
1.28297102406036,2.362241755782928,1.0792707317225678,5093.899139615833,5093.592769999999
1.2659551593132357,2.3485518658966327,1.082596706583397,5094.398254726427,5094.572099999999
1.252141937085642,2.3462724644776354,1.0941305273919935,5094.89736983702,5094.59371
1.238328714858023,2.345273155421351,1.106944440563328,5095.396484947614,5095.56921
1.2261843206781042,2.348385931418828,1.1222016107407236,5095.8956000582075,5095.59179
1.2244035219937075,2.3811342954605634,1.156730773466856,5096.394715168802,5096.575650000001
1.222622723309314,2.4138826595022396,1.1912599361929255,5096.893830279395,5096.59789
1.2208419246249174,2.4348884476684014,1.214046523043484,5097.392945389989,5097.5720599999995
1.1858697621277519,2.3657477422045665,1.1798779800768147,5097.892060500582,5097.59333
1.11715188348284,2.2918657967864116,1.1747139133035716,5098.391175611177,5098.57045
1.1133096080388927,2.2622851689698082,1.1489755609309156,5098.89029072177,5098.59155
1.118588742516333,2.2863461875578532,1.1677574450415202,5099.389405832364,5099.56059
1.1431603397481096,2.306560949091535,1.1634006093434253,5099.888520942957,5099.58283
1.1677319369799313,2.3228927475523826,1.1551608105724513,5100.387636053551,5100.57035
1.1714255057093923,2.3392245460132006,1.1677990403038083,5100.886751164145,5100.59155
1.1862471453009495,2.352941847029841,1.1666947017288913,5101.385866274739,5101.565320000001
1.2098241778828593,2.3175153038816325,1.1076911259987732,5101.884981385332,5101.58669
1.2013638261608972,2.251803832427549,1.0504400062666517,5102.384096495925,5102.5729599999995
1.1509850313793002,2.208761109027161,1.0577760776478609,5102.88321160652,5102.59483
1.1115818935142936,2.224547648715868,1.1129657552015744,5103.382326717114,5103.56383
1.1148003405579974,2.2403341884045465,1.125533847846549,5103.881441827707,5103.58561
1.148085563026606,2.256120728093225,1.108035165066619,5104.3805569383,5104.5685300000005
1.1636802740856542,2.2843975071127764,1.1207172330271222,5104.8796720488945,5104.58983
1.1645929334114056,2.3174977683538738,1.1529048349424682,5105.378787159488,5105.56625
1.1655055927371587,2.3481207767889636,1.1826151840518049,5105.877902270082,5105.5877199999995
1.16641825206291,2.3221450882867996,1.1557268362238895,5106.377017380675,5106.5660800000005
1.1901151845444589,2.2961693997845884,1.1060542152401296,5106.876132491269,5106.58738
1.2139847361410419,2.379076106979569,1.1650913708385273,5107.375247601863,5107.56366
1.2215659402589476,2.3588627230435897,1.137296782784642,5107.874362712457,5107.585099999999
1.2215659402589476,2.3335381454981694,1.1119722052392218,5108.37347782305,5108.56762
1.2215659402589476,2.3126773609095137,1.091111420650566,5108.872592933644,5108.58872
1.2215659402589476,2.3097879874145506,1.088222047155603,5109.3717080442375,5109.56326
1.2215659402589476,2.3344297892098815,1.112863848950934,5109.870823154832,5109.58447
1.1892756957745398,2.326033781484885,1.1367580857103452,5110.369938265425,5110.55625
1.1540776753816482,2.2972129606715934,1.1431352852899452,5110.869053376019,5110.57833
1.1297400933615944,2.3291345266673935,1.199394433305799,5111.368168486612,5111.561110000001
1.1361953469734731,2.3656408996975267,1.2294455527240535,5111.867283597207,5111.58245
1.239272164940653,2.3857847690814795,1.1465126041408265,5112.3663987078,5112.56054
1.2591629821897052,2.36038903132139,1.1012260491316848,5112.865513818394,5112.58192
1.248478190083344,2.331411790471883,1.0829336003885393,5113.364628928987,5113.55984
1.2377933979769633,2.2897945252175544,1.0520011272405911,5113.863744039581,5113.58124
1.2236159592689018,2.248177259963301,1.0245613006943994,5114.362859150175,5114.56396
1.175270828601044,2.2712045628103277,1.0959337342092836,5114.861974260769,5114.585230000001
1.208458440446563,2.316243198638205,1.107784758191642,5115.361089371362,5115.55588
1.2416460522921424,2.409889981628618,1.1682439293364757,5115.860204481956,5115.57762
1.2706188448892268,2.4588951122329337,1.1882762673437068,5116.35931959255,5116.559429999999
1.2570593349066086,2.3858823661726927,1.128823031266084,5116.858434703144,5116.5811699999995
1.2434998249240152,2.3484202587756005,1.1049204338515852,5117.357549813737,5117.55487
1.229940314941397,2.3478314463073726,1.1178911313659756,5117.856664924331,5117.5763099999995
1.2252009158942274,2.347242633839146,1.1220417179449187,5118.3557800349245,5118.55722
1.2206376192654587,2.3458653159213947,1.125227696655936,5118.854895145519,5118.578519999999
1.2029668385599745,2.3442059353291183,1.1412390967691437,5119.354010256112,5119.5536600000005
1.1829472146402276,2.3425465547368396,1.159599340096612,5119.853125366706,5119.57487
1.1673686689063678,2.389946889956236,1.2225782210498681,5120.352240477299,5120.56197
1.1947484486789814,2.3891078737133107,1.1943594250343292,5120.8513555878935,5120.58321
1.2221282284515451,2.3669432900879044,1.1448150616363593,5121.350470698487,5121.55021
1.2247135425229385,2.3508209924264594,1.1261074499035209,5121.849585809081,5121.57155
1.2263007761329412,2.3527766909816408,1.1264759148486996,5122.348700919674,5122.5549
1.227888009742947,2.354732389536826,1.1268443797938792,5122.847816030268,5122.57701
1.2294752433529497,2.353525803292192,1.1240505599392425,5123.346931140862,5123.5530499999995
1.2449673026610182,2.3513354209103836,1.1063681182493654,5123.846046251456,5123.57466
1.262459939737919,2.3397414450293907,1.0772815052914717,5124.345161362049,5124.55339
1.2825999655602394,2.3201844594775403,1.037584493917301,5124.844276472643,5124.57463
1.3036613346160477,2.3015467492276263,0.9978854146115785,5125.343391583237,5125.55379
1.2937789423583739,2.299112991025617,1.0053340486672433,5125.842506693831,5125.57516
1.2431678342939576,2.296679232823613,1.0535113985296554,5126.341621804424,5126.55858
1.2105817073082694,2.2951902516858866,1.0846085443776172,5126.840736915018,5126.57988
1.197755143811218,2.2951902516858866,1.0974351078746687,5127.339852025611,5127.553349999999
1.1849285803141434,2.298699635736053,1.1137710554219098,5127.838967136206,5127.57529
1.1765941690020782,2.3436305563884807,1.1670363873864025,5128.338082246799,5128.544019999999
1.1874591609753309,2.301668985775395,1.114209824800064,5128.837197357393,5128.56617
1.198324152948564,2.2524647438653114,1.0541405909167474,5129.336312467986,5129.54724
1.2091891449218166,2.224816424170544,1.0156272792487275,5129.8354275785805,5129.56838
1.2322603352648547,2.2154732161119925,0.9832128808471379,5130.334542689174,5130.55133
1.2697807742125,2.2323743147370645,0.9625935405245645,5130.833657799768,5130.5725999999995
1.2928020140112735,2.2492754133621053,0.9564733993508319,5131.332772910361,5131.54838
1.313436050941346,2.231267187952175,0.917831137010829,5131.831888020955,5131.5705499999995
1.2537720674017792,2.212172251722024,0.9584001843202448,5132.331003131549,5132.54988
1.2152178636072384,2.192308489926217,0.9770906263189787,5132.830118242143,5132.571019999999
1.218868500910245,2.1724447281304466,0.9535762272202017,5133.329233352736,5133.5482
1.222519138213258,2.1525809663346402,0.9300618281213822,5133.82834846333,5133.56954
1.20156789381149,2.1797035345342244,0.9781356407227344,5134.3274635739235,5134.549980000001
1.1777997715384434,2.2157703493723764,1.037970577833933,5134.826578684517,5134.57145
1.2190384521836188,2.283078974646661,1.064040522463042,5135.325693795111,5135.5432
1.260277132828794,2.2769302987973488,1.0166531659685547,5135.824808905705,5135.56498
1.2645134055506713,2.252772217734365,0.9882588121836937,5136.323924016298,5136.54846
1.2480191241313396,2.23539870836858,0.9873795842372401,5136.823039126892,5136.56984
1.2315248427119778,2.2180251990027635,0.9865003562907857,5137.322154237486,5137.54551
1.2333663820505085,2.218076527677954,0.9847101456274456,5137.821269348079,5137.56689
1.2631488642579567,2.268342365368802,1.0051935011108453,5138.320384458673,5138.54926
1.3080344701690634,2.359201521270962,1.0511670511018987,5138.819499569267,5138.57499
1.2145232209241243,2.354287042197026,1.1397638212729018,5139.318614679861,5139.54001
1.1824415797178383,2.3493725631230995,1.1669309834052612,5139.817729790454,5139.561009999999
1.2671912698703758,2.349427024150665,1.0822357542802892,5140.316844901048,5140.5447
1.2295670191277852,2.3502567413969113,1.120689722269126,5140.815960011641,5140.565769999999
1.2510490790080022,2.405258457287606,1.1542093782796037,5141.315075122236,5141.53806
1.262472291647488,2.4324910172823566,1.1700187256348686,5141.814190232829,5141.56048
1.2130349723918048,2.3973629580603535,1.1843279856685487,5142.313305343423,5142.54259
1.1723181840189831,2.3973629580603535,1.2250447740413704,5142.812420454016,5142.563889999999
1.2197780105043903,2.4572284935155486,1.2374504830111583,5143.3115355646105,5143.540980000001
1.2672378369897108,2.4411560258762153,1.1739181888865045,5143.810650675204,5143.562309999999
1.2244431820617718,2.3854819986529496,1.1610388165911778,5144.309765785798,5144.545099999999
1.2449517491409599,2.3905401566091538,1.145588407468194,5144.808880896391,5144.56647
1.274821570005918,2.3968148932839095,1.1219933232779915,5145.307996006985,5145.53658
1.2339524778041029,2.403879752661279,1.169927274857176,5145.807111117579,5145.55842
1.1711377844052335,2.4159106527318817,1.2447728683266481,5146.306226228173,5146.54177
1.1689902809443604,2.427941552802462,1.2589512718581017,5146.805341338766,5146.56308
1.2781996987340831,2.439972452873065,1.1617727541389817,5147.30445644936,5147.540059999999
1.2770934090724204,2.449130142728781,1.1720367336563606,5147.8035715599535,5147.5614000000005
1.2759871194107557,2.448559712121985,1.1725725927112292,5148.302686670548,5148.53741
1.2674498723172054,2.44798928151519,1.1805394091979846,5148.801801781141,5148.55855
1.2260746389708967,2.4562859330762996,1.2302112941054029,5149.300916891735,5149.5367400000005
1.2520142782796442,2.4787521231285368,1.2267378448488926,5149.800032002328,5149.5583799999995
1.2729722936870669,2.4956206379491137,1.2226483442620468,5150.299147112923,5150.539589999999
1.271448873061457,2.4433484514355324,1.1718995783740753,5150.798262223516,5150.560759999999
1.2265164929569015,2.3925606230240044,1.166044130067103,5151.29737733411,5151.54518
1.257345188724891,2.3526304805483846,1.0952852918234937,5151.796492444703,5151.56635
1.2671780671222992,2.3669592055912108,1.0997811384689116,5152.2956075552975,5152.53412
1.2457770843570173,2.4046836830539013,1.158906598696884,5152.794722665891,5152.55526
1.224376101591696,2.441198043660422,1.2168219420687258,5153.293837776485,5153.53375
1.2242018567615705,2.4426021805386866,1.2184003237771162,5153.792952887078,5153.55488
1.2252756084920096,2.4440063174169535,1.218730708924944,5154.292067997672,5154.53592
1.226349360222447,2.382316686541334,1.155967326318887,5154.791183108266,5154.55773
1.2654094766345865,2.3632692645404947,1.0978597879059082,5155.29029821886,5155.53196
1.2658546907667192,2.3376509397339778,1.0717962489672586,5155.789413329453,5155.5533399999995
1.2662999048988528,2.290712649803342,1.024412744904489,5156.288528440047,5156.54105
1.2667451190309855,2.295152346551231,1.0284072275202456,5156.7876435506405,5156.56279
1.2599040929688032,2.360242561956493,1.1003384689876896,5157.286758661235,5157.52828
1.2452120266084334,2.353543721170821,1.1083316945623876,5157.785873771828,5157.54955
1.2305199602480368,2.298782382918428,1.0682624226703914,5158.284988882422,5158.53257
1.215827893887667,2.2754797227802217,1.0596518288925547,5158.784103993015,5158.554
1.2153705100019059,2.254955706331807,1.0395851963299012,5159.28321910361,5159.52978
1.2176522324290862,2.2213303231944272,1.003678090765341,5159.782334214203,5159.55088
1.2199339548562704,2.198922375393574,0.9789884205373036,5160.281449324797,5160.52934
1.2222156772834507,2.1972629409010795,0.9750472636176288,5160.78056443539,5160.55058
1.2860519114065805,2.212537141145315,0.9264852297387347,5161.279679545984,5161.5252199999995
1.2668668406119046,2.2536081448345766,0.986741304222672,5161.778794656578,5161.54733
1.220308448261115,2.25176022087359,1.031451772612475,5162.277909767172,5162.53326
1.2321007515336515,2.248800148535627,1.0166993970019755,5162.777024877765,5162.5549
1.318154283073151,2.245840076197659,0.9276857931245082,5163.276139988359,5163.526690000001
1.2910217981853322,2.2449147929936886,0.9538929948083563,5163.775255098953,5163.54783
1.258528636264077,2.2449147929936886,0.9863861567296115,5164.274370209547,5164.5290700000005
1.22950266866044,2.2376241261152803,1.0081214574548403,5164.77348532014,5164.55047
1.2279491555185278,2.201116567280361,0.9731674117618334,5165.272600430734,5165.5234
1.2263956423766182,2.2301671704437975,1.0037715280671793,5165.7717155413275,5165.544599999999
1.224842129234706,2.246820160270359,1.0219780310356528,5166.270830651922,5166.52873
1.2232886160927967,2.244457424645749,1.0211688085529522,5166.769945762515,5166.55
1.3209428762665618,2.240401029219644,0.9194581529530821,5167.269060873109,5167.525610000001
1.296514377399428,2.222266405000013,0.9257520276005848,5167.768175983702,5167.54695
1.2718413989511457,2.1907943715215996,0.9189529725704539,5168.2672910942965,5168.52504
1.2718413989511457,2.1593223380432436,0.8874809390920979,5168.76640620489,5168.5466799999995
1.2718413989511457,2.290600128728946,1.0187587297778005,5169.265521315483,5169.52322
1.2951735556372064,2.2918170473567776,0.9966434917195712,5169.764636426077,5169.54453
1.3404429285924353,2.293033965984607,0.9525910373921715,5170.2637515366705,5170.52544
1.3597912136999184,2.2942508846124383,0.9344596709125199,5170.762866647265,5170.54781
1.3169650389128418,2.3009395338837777,0.9839744949709359,5171.261981757858,5171.52091
1.274138864125687,2.3261471340316993,1.0520082699060123,5171.761096868452,5171.54211
1.3204950686532728,2.3431239410378226,1.0226288723845498,5172.260211979045,5172.5196
1.3204950686532728,2.3456130927765693,1.0251180241232964,5172.75932708964,5172.5414
1.3204950686532728,2.339646034955685,1.0191509663024123,5173.258442200233,5173.52114
1.3204950686532728,2.321392255538218,1.0008971868849452,5173.757557310827,5173.5435800000005
1.3204950686532728,2.3031384761207843,0.9826434074675114,5174.25667242142,5174.52609
1.2895784037055258,2.279633223719652,0.9900548200141264,5174.755787532014,5174.5474
1.2348170654532211,2.255060828350018,1.020243762896797,5175.254902642608,5175.51875
1.2880498074922981,2.275990390723745,0.987940583231447,5175.754017753202,5175.53992
1.3253604356234856,2.3324913984575173,1.0071309628340317,5176.253132863795,5176.51992
1.3253604356234856,2.3324913984575173,1.0071309628340317,5176.752247974389,5176.54176
1.2460393048561356,2.2590664484963523,1.0130271436402167,5177.251363084983,5177.517610000001
1.1783070796386153,2.2576888047667323,1.079381725128117,5177.750478195577,5177.53871
1.2139168888060354,2.256311161037115,1.0423942722310795,5178.24959330617,5178.51888
1.279952234751415,2.254933517307495,0.97498128255608,5178.748708416764,5178.54025
1.3026248229239579,2.253555873577877,0.9509310506539193,5179.2478235273575,5179.51003
1.2994552941823738,2.295034921453466,0.9955796272710924,5179.746938637952,5179.5313
1.3616531745443121,2.3522697851050163,0.9906166105607042,5180.246053748545,5180.52112
1.2753042011111952,2.362357400046249,1.0870531989350536,5180.745168859139,5180.54246
1.2375797236484527,2.372445014987463,1.1348652913390105,5181.244283969732,5181.5166
1.2448018563375545,2.3825326299286953,1.1377307735911408,5181.7433990803265,5181.538
1.2708786840767365,2.281475844700041,1.0105971606233044,5182.24251419092,5182.51428
1.310414302514259,2.2983125921983873,0.9878982896841284,5182.741629301514,5182.53629
1.2817010989591304,2.34264319935504,1.0609421003959094,5183.240744412107,5183.51418
1.2202146840792376,2.3404208845388084,1.1202062004595708,5183.739859522701,5183.535519999999
1.2750849769312875,2.2958813946344443,1.0207964177031568,5184.238974633295,5184.517599999999
1.2750849769312875,2.3780234020130795,1.102938425081792,5184.738089743889,5184.5387
1.274479135542467,2.4406789763975483,1.1661998408550813,5185.237204854482,5185.512299999999
1.2736968307102896,2.4004889649869248,1.1267921342766352,5185.736319965076,5185.53337
1.2729145258781136,2.3754745265259896,1.102560000647876,5186.23543507567,5186.5175899999995
1.2721322210459363,2.3504600880650086,1.0783278670190724,5186.734550186264,5186.539070000001
1.2713499162137605,2.257069102646783,0.9857191864330226,5187.233665296857,5187.51112
1.2705676113815831,2.282846214212671,1.0122786028310877,5187.732780407451,5187.53256
1.2596805138379434,2.179712360504186,0.9200318466662425,5188.231895518044,5188.51283
1.2406965832437653,2.1257319573138718,0.8850353740701065,5188.731010628639,5188.5341
1.2272910236748078,2.1804932955661807,0.9532022718913729,5189.230125739232,5189.5073600000005
1.2250093012476253,2.2352546338185895,1.0102453325709642,5189.729240849826,5189.52948
1.249035722383311,2.2419080477218736,0.9928723253385625,5190.228355960419,5190.50632
1.275586674263274,2.238257291838378,0.9626706175751039,5190.7274710710135,5190.52807
1.3128397798198548,2.2496221365125804,0.9367823566927256,5191.226586181607,5191.50911
1.2820107960890395,2.3048679847177995,1.02285718862876,5191.725701292201,5191.530849999999
1.2264890697438693,2.3289629735488284,1.1024739038049591,5192.224816402794,5192.51162
1.2880251283164126,2.3439521035196695,1.055926975203257,5192.723931513388,5192.53279
1.3165466586561414,2.3391484773571865,1.022601818701045,5193.223046623982,5193.5088
1.3228163267893278,2.3241043428023747,1.0012880160130468,5193.722161734576,5193.53047
1.3236855543806347,2.30296838768745,0.9792828333068153,5194.221276845169,5194.51061
1.3046222458194365,2.296636571731735,0.9920143259122987,5194.720391955763,5194.53326
1.2842622610846128,2.2814005825031227,0.9971383214185099,5195.2195070663565,5195.50555
1.2757883749451873,2.253005814520388,0.9772174395752007,5195.718622176951,5195.52672
1.2743280725917914,2.211731898107146,0.9374038255153545,5196.217737287544,5196.50461
1.2519619931170431,2.24121877255076,0.989256779433717,5196.716852398138,5196.52578
1.2590476736795904,2.2487161660323274,0.989668492352737,5197.215967508731,5197.50001
1.247210856497073,2.2534151832989933,1.0062043268019203,5197.715082619326,5197.52145
1.2231877292490183,2.29752848355783,1.0743407543088117,5198.214197729919,5198.51054
1.2231877292490183,2.3416417838167467,1.1184540545677284,5198.713312840513,5198.53258
1.248539676240381,2.310163545801454,1.061623869561073,5199.212427951106,5199.5032
1.3084242469819223,2.3364831033394484,1.0280588563575261,5199.7115430617,5199.5245
1.267729536090816,2.3202289033319965,1.0524993672411804,5200.210658172294,5200.50524
1.247369551355939,2.303299196636241,1.055929645280302,5200.709773282888,5200.52674
1.2270095666210994,2.303299196636241,1.0762896300151417,5201.208888393481,5201.499269999999
1.1800537524283248,2.3093221514123723,1.1292683989840475,5201.708003504074,5201.52195
1.2322561018019536,2.34096203573602,1.1087059339340666,5202.207118614669,5202.501679999999
1.2802380978843966,2.325113553116925,1.0448754552325286,5202.706233725263,5202.5234900000005
1.3109044473057059,2.308364370766466,0.9974599234607602,5203.205348835856,5203.500440000001
1.3060572687257446,2.3711117375138686,1.065054468788124,5203.704463946449,5203.52228
1.2407279529158586,2.3684327106995675,1.127704757783709,5204.2035790570435,5204.50517
1.2655814672493675,2.3371557820598383,1.0715743148104708,5204.702694167637,5204.52664
1.3091425457227766,2.3226601336989092,1.0135175879761327,5205.201809278231,5205.49916
1.2943332675809427,2.3081644853380063,1.0138312177570636,5205.700924388824,5205.52027
1.2820812109944701,2.2941038612706843,1.0120226502762142,5206.200039499418,5206.49816
1.312146259446695,2.2816144332482287,0.9694681738015336,5206.699154610012,5206.51929
1.2389702480424054,2.2691250052257503,1.030154757183345,5207.198269720606,5207.49792
1.2469018989439236,2.256635577203295,1.0097336782593715,5207.697384831199,5207.51902
1.3076812328756422,2.2707214972670107,0.9630402643913685,5208.196499941793,5208.4928899999995
1.2966267787675954,2.289844504275763,0.9932177255081676,5208.6956150523865,5208.51396
1.278372999350121,2.281427267489624,1.0030542681395032,5209.194730162981,5209.49634
1.2633058535539616,2.2723003777809057,1.008994524226944,5209.693845273574,5209.5174400000005
1.2482464855345459,2.263173488072171,1.014927002537625,5210.192960384168,5210.50478
1.2331871175151576,2.251350012753992,1.0181628952388344,5210.692075494761,5210.52646
1.2332767733959409,2.2311404712560794,0.9978636978601385,5211.191190605356,5211.50418
1.2523602700596115,2.2109309297582036,0.9585706596985921,5211.690305715949,5211.52612
1.264265534071802,2.217406490323175,0.9531409562513729,5212.189420826543,5212.49472
1.268671618758772,2.2325130663927752,0.9638414476340031,5212.688535937136,5212.51613
1.2730777034457499,2.2451762617756645,0.9720985583299147,5213.1876510477305,5213.4955199999995
1.3506900409701248,2.2466365641290595,0.8959465231589347,5213.686766158324,5213.517940000001
1.287890935440369,2.248096866482457,0.9602059310420883,5214.185881268918,5214.49596
1.2304118853653352,2.249557168835852,1.019145283470517,5214.684996379511,5214.51753
1.2387869316112128,2.25101747118925,1.012230539578037,5215.184111490105,5215.4925
1.2622560765764994,2.2882064743559316,1.0259503977794322,5215.683226600699,5215.51521
1.2500480653086008,2.3361232996721406,1.0860752343635398,5216.182341711293,5216.49806
1.235445041774656,2.344109328167265,1.1086642863926088,5216.681456821886,5216.51933
1.2312966741993732,2.348461083083151,1.1171644088837778,5217.18057193248,5217.49136
1.2312966741993732,2.3506515366132446,1.1193548624138714,5217.6796870430735,5217.51243
1.3196012913961386,2.363529999215614,1.0439287078194754,5218.178802153668,5218.4933
1.3124732675148785,2.392051529555342,1.0795782620404637,5218.677917264261,5218.51454
1.2239424373400862,2.2970409971532026,1.0730985598131164,5219.177032374855,5219.48331
1.262289436764012,2.263206739943689,1.0009173031796768,5219.676147485448,5219.505990000001
1.3119397167795148,2.2784182227915863,0.9664785060120715,5220.175262596043,5220.4905499999995
1.3226085401696774,2.293629705639456,0.9710211654697785,5220.674377706636,5220.512360000001
1.3163338034949217,2.272666205963488,0.9563324024685664,5221.17349281723,5221.4886
1.3100590668201775,2.2467369531130847,0.9366778862929073,5221.672607927823,5221.50981
1.2958931399315043,2.219893159852089,0.9240000199205844,5222.171723038417,5222.49296
1.281304411778992,2.2295402245976033,0.9482358128186112,5222.670838149011,5222.514730000001
1.2778275014137581,2.2404924922480816,0.9626649908343234,5223.169953259605,5223.48692
1.2873930018701762,2.2514447598985403,0.9640517580283641,5223.669068370198,5223.508059999999
1.3456646823182257,2.2961706266019006,0.950505944283675,5224.168183480792,5224.487389999999
1.4039363627661692,2.3465858268977016,0.9426494641315324,5224.667298591386,5224.509730000001
1.2310038979650022,2.283835011520422,1.0528311135554196,5225.16641370198,5225.48765
1.2281217222675123,2.2199467835593842,0.991825061291872,5225.665528812573,5225.50879
1.2261954379320381,2.1560585555982303,0.9298631176661922,5226.164643923167,5226.4850400000005
1.2256250073252433,2.195571513412944,0.9699465060877006,5226.6637590337605,5226.50631
1.2250545767184473,2.2623118944080733,1.037257317689626,5227.162874144355,5227.48188
1.2248095182390895,2.3290522754030807,1.1042427571639912,5227.661989254948,5227.50373
1.237885664551505,2.3142163914167293,1.0763307268652242,5228.161104365542,5228.49046
1.253097147399371,2.2951151730685586,1.0420180256691876,5228.660219476135,5228.51174
1.268308630247265,2.276324517785861,1.008015887538596,5229.1593345867295,5229.48386
1.2751872322533135,2.257533862503198,0.9823466302498847,5229.658449697323,5229.50563
1.2758604277278984,2.2413176401430333,0.9654572124151348,5230.157564807917,5230.478190000001
1.2738322300148497,2.2303653724925745,0.9565331424777248,5230.65667991851,5230.49947
1.3221336726355506,2.219413104842096,0.8972794322065456,5231.155795029104,5231.482150000001
1.3230463616064232,2.2084608371916374,0.8854144755852142,5231.654910139698,5231.50342
1.310514410000476,2.197508569541159,0.8869941595406832,5232.154025250292,5232.485299999999
1.270583548029323,2.194643653058083,0.9240601050287598,5232.653140360885,5232.50654
1.2719611917589433,2.1933641021724366,0.9214029104134933,5233.152255471479,5233.481070000001
1.273338835488561,2.1965386725059037,0.9231998370173427,5233.651370582073,5233.50275
1.2747164792181787,2.1997132428393713,0.9249967636211927,5234.150485692666,5234.48543
1.276094122947799,2.2028878131728447,0.9267936902250458,5234.64960080326,5234.5065700000005
1.303061041967671,2.205896439331421,0.9028353973637502,5235.148715913854,5235.48174
1.35052086845304,2.201601432409675,0.8510805639566348,5235.647831024447,5235.50345
1.2294869886494908,2.1726445190386667,0.9431575303891759,5236.146946135041,5236.47936
1.2593875423470022,2.2005544996575583,0.9411669573105561,5236.646061245635,5236.50133
1.289288096044459,2.248430509158253,0.9591424131137938,5237.145176356228,5237.47225
1.318103246082443,2.296306518659035,0.9782032725765919,5237.644291466822,5237.49349
1.2450955894264075,2.3162774438834948,1.0711818544570872,5238.143406577416,5238.47882
1.25572943197911,2.333877503970253,1.078148071991143,5238.64252168801,5238.50049
1.26770370576041,2.34430959022185,1.0766058844614401,5239.141636798603,5239.47671
1.27154621400547,2.345383232231499,1.0738370182260288,5239.640751909197,5239.49788
1.2502736732909157,2.2929340256357835,1.0426603523448679,5240.1398670197905,5240.48019
1.2269112231609343,2.2698168655952413,1.042905642434307,5240.638982130385,5240.5016
1.219944151268877,2.2947931691880874,1.0748490179192105,5241.138097240978,5241.4758
1.219944151268877,2.2644178749035087,1.0444737236346318,5241.637212351572,5241.49707
1.2352816810380556,2.2514019489539723,1.0161202679159167,5242.136327462165,5242.476269999999
1.2558150844726166,2.2514019489539723,0.9955868644813557,5242.6354425727595,5242.49777
1.2325817529975138,2.2514019489539723,1.0188201959564585,5243.134557683353,5243.47465
1.236913943662477,2.2537811594523056,1.0168672157898286,5243.633672793947,5243.495889999999
1.2537618644292545,2.256701465718548,1.0029396012892933,5244.13278790454,5244.47361
1.2635644618845283,2.256342080744132,0.9927776188596036,5244.631903015134,5244.49485
1.2664463430683184,2.2496863866610997,0.9832400435927813,5245.131018125728,5245.47321
1.2183640583764834,2.235490453422399,1.0171263950459157,5245.630133236322,5245.495150000001
1.1705950093646886,2.221294520183724,1.0506995108190353,5246.129248346915,5246.47649
1.2031877132290312,2.2294661155591275,1.0262784023300964,5246.628363457509,5246.49766
1.2513381290756334,2.3414318201490945,1.090093691073461,5247.127478568103,5247.46851
1.277854554132771,2.346234955455425,1.0683804013226539,5247.626593678697,5247.49022
1.2768291656965904,2.3818947226083536,1.1050655569117631,5248.12570878929,5248.4661
1.275803777260408,2.415984980329818,1.14018120306941,5248.624823899884,5248.486360000001
1.2747783888242277,2.44004432172782,1.1652659329035921,5249.123939010477,5249.46774
1.2737530003880453,2.4461200143789465,1.1723670139909013,5249.623054121072,5249.48941
1.272727611951865,2.448226004474794,1.175498392522929,5250.122169231665,5250.47253
1.2717022235156825,2.4480991011789324,1.1763968776632499,5250.621284342259,5250.49504
1.2706768350795021,2.4458176119084314,1.1751407768289293,5251.120399452852,5251.46609
1.285895235897916,2.444616442936147,1.1587212070382311,5251.6195145634465,5251.4873
1.31418570285211,2.4452052143607927,1.1310195115086827,5252.11862967404,5252.47383
1.3019976483280826,2.4457939857854396,1.143796337457357,5252.617744784634,5252.49524
1.2781908037663285,2.446808489125904,1.1686176853595756,5253.116859895227,5253.46693
1.2718413989511457,2.448081878486186,1.1762404795350405,5253.615975005821,5253.48817
1.2718413989511457,2.449355267846466,1.1775138688953204,5254.115090116415,5254.46901
1.2718413989511457,2.4506286572067486,1.178787258255603,5254.614205227009,5254.490610000001
1.2718413989511457,2.4508819947326934,1.1790405957815477,5255.113320337602,5255.4615300000005
1.2718413989511457,2.4508698592515423,1.1790284603003967,5255.612435448196,5255.48384
1.2718413989511457,2.4503628616358757,1.17852146268473,5256.1115505587895,5256.467900000001
1.2718413989511457,2.4498558640202077,1.178014465069062,5256.610665669384,5256.4892
1.2712493032206162,2.449348866404541,1.1780995631839248,5257.109780779977,5257.46474
1.2704196707586146,2.4488418687888736,1.178422198030259,5257.608895890571,5257.4860499999995
1.2830808596779084,2.4483348711732065,1.165254011495298,5258.108011001164,5258.46793
1.300029065687379,2.447827873557539,1.14779880787016,5258.607126111759,5258.48933
1.2975531840303054,2.4287245313746073,1.131171347344302,5259.106241222352,5259.45871
1.247238830709826,2.398525909757728,1.151287079047902,5259.605356332946,5259.47971
1.1884416947302288,2.368327288140904,1.1798855934106751,5260.104471443539,5260.46605
1.1871716775261385,2.3381286665240246,1.1509569889978861,5260.6035865541335,5260.48695
1.1998076181012218,2.3079300449072004,1.1081224268059786,5261.102701664727,5261.4636
1.212443558676328,2.300055618656099,1.0876120599797712,5261.601816775321,5261.48461
1.230852570186031,2.332208978913773,1.1013564087277423,5262.100931885914,5262.4638700000005
1.2576936204272844,2.3664313179713456,1.1087376975440613,5262.600046996508,5262.48517
1.300198788324751,2.398825490935244,1.098626702610493,5263.099162107102,5263.46142
1.3158421661234807,2.4140354194052804,1.0981932532817997,5263.598277217696,5263.48276
1.3161680931621238,2.4292453478752893,1.1130772547131655,5264.097392328289,5264.46407
1.3164940202007676,2.444455276345326,1.1279612561445582,5264.596507438883,5264.48517
1.3168199472394106,2.4350977661201942,1.1182778188807836,5265.0956225494765,5265.45686
1.3171458742780542,2.422929823344161,1.105783949066107,5265.594737660071,5265.4783
1.3174718013166973,2.4107618805681503,1.093290079251453,5266.093852770664,5266.45863
1.3177977283553404,2.397479820904659,1.0796820925493187,5266.592967881257,5266.47984
1.3181236553939841,2.3785760526633406,1.0604523972693565,5267.092082991851,5267.4584
1.3184495824326277,2.3596722844220217,1.041222701989394,5267.591198102446,5267.4798
1.3187755094712708,2.3353532159603607,1.01657770648909,5268.090313213039,5268.4598399999995
1.2965139086854338,2.308455658244959,1.011941749559525,5268.589428323632,5268.48128
1.245014775004081,2.306359125040521,1.0613443500364401,5269.088543434226,5269.45447
1.201231544350667,2.298546011472574,1.097314467121907,5269.5876585448195,5269.47635
1.1690734098711664,2.2684840352023703,1.099410625331204,5270.086773655414,5270.465230000001
1.167731380327876,2.2575410576706694,1.0898096773427934,5270.585888766007,5270.48657
1.1674054532892324,2.2547330708762017,1.0873276175869693,5271.085003876601,5271.46613
1.1670795262505893,2.2519250840817384,1.084845557831149,5271.584118987194,5271.48811
1.166753599211946,2.2600576314516765,1.0933040322397305,5272.083234097789,5272.45621
1.166427672173303,2.3012456829197374,1.1348180107464345,5272.582349208382,5272.4774800000005
1.1804447454598757,2.3159362479786023,1.1354915025187267,5273.081464318976,5273.45473
1.194575259651367,2.33062681303744,1.136051553386073,5273.580579429569,5273.47617
1.2053216852548887,2.345317378096305,1.1399956928414163,5274.0796945401635,5274.45567
1.2052107313693934,2.3537394568285297,1.1485287254591363,5274.578809650757,5274.47758
1.2050997774838976,2.3541157849556233,1.1490160074717257,5275.077924761351,5275.452480000001
1.204988823598402,2.354492113082716,1.149503289484314,5275.577039871944,5275.47372
1.2048778697129063,2.3548684412098098,1.1499905714969034,5276.076154982538,5276.45624
1.204766915827411,2.355244769336903,1.150477853509492,5276.575270093132,5276.47758
1.2046559619419153,2.3556210974639966,1.1509651355220814,5277.074385203726,5277.446849999999
1.2045450080564197,2.3559974255910894,1.1514524175346696,5277.573500314319,5277.46816
1.2044340541709242,2.356373753718183,1.1519396995472588,5278.072615424913,5278.45342
1.2043231002854287,2.356750081845276,1.1524269815598471,5278.5717305355065,5278.4750300000005
1.204212146399933,2.3567046575624278,1.1524925111624948,5279.070845646101,5279.45017
1.2041011925144374,2.3565659652055584,1.152464772691121,5279.569960756694,5279.47127
1.2039902386289418,2.356427272848689,1.1524370342197472,5280.069075867288,5280.44953
1.2038792847434463,2.3562885804918197,1.1524092957483734,5280.568190977881,5280.4708
1.2037683308579505,2.35614988813495,1.1523815572769993,5281.067306088476,5281.44651
1.203657376972455,2.3560111957780805,1.1523538188056255,5281.566421199069,5281.46771
1.2035464230869595,2.3558725034212107,1.1523260803342512,5282.065536309663,5282.457469999999
1.203435469201464,2.3557338110643413,1.1522983418628774,5282.564651420256,5282.47881
1.2033245153159682,2.355595118707472,1.1522706033915038,5283.06376653085,5283.44516
1.2032135614304729,2.3554564263506026,1.1522428649201297,5283.562881641444,5283.46667
1.203102607544977,2.355317733993733,1.1522151264487557,5284.061996752038,5284.44804
1.2029916536594816,2.3551790416368634,1.1521873879773818,5284.561111862631,5284.46982
1.2028806997739858,2.355040349279994,1.1521596495060082,5285.060226973225,5285.44325
1.2027697458884905,2.3549016569231247,1.1521319110346342,5285.559342083819,5285.464349999999
1.2026587920029947,2.354762964566255,1.1521041725632601,5286.058457194413,5286.44308
1.2025478381174992,2.3546242722093855,1.1520764340918863,5286.557572305006,5286.46445
1.2024368842320035,2.3544855798525157,1.1520486956205123,5287.0566874156,5287.44442
1.2023259303465081,2.3543468874956464,1.1520209571491382,5287.5558025261935,5287.46686
1.2022149764610124,2.354208195138777,1.1519932186777646,5288.054917636788,5288.44388
1.2021049826713688,2.3540695027819076,1.1519645201105388,5288.554032747381,5288.46509
1.2022308579414656,2.353930810425038,1.1516999524835723,5289.053147857975,5289.44579
1.2023567332115621,2.3537921180681685,1.1514353848566063,5289.552262968568,5289.46706
1.2024826084816589,2.353653425711299,1.1511708172296402,5290.0513780791625,5290.44281
1.2026084837517557,2.3535147333544297,1.150906249602674,5290.550493189756,5290.46398
1.2027343590218524,2.35337604099756,1.1506416819757075,5291.04960830035,5291.442129999999
1.202860234291949,2.3532373486406906,1.1503771143487416,5291.548723410943,5291.46334
1.2029861095620458,2.3530986562838208,1.150112546721775,5292.047838521537,5292.444280000001
1.2031119848321425,2.3529599639269514,1.1498479790948088,5292.546953632131,5292.46575
1.2032378601022393,2.352821271570082,1.1495834114678427,5293.046068742725,5293.44079
1.2033637353723359,2.3526825792132127,1.1493188438408768,5293.545183853318,5293.462259999999
1.2034896106424327,2.352543886856343,1.1490542762139102,5294.044298963912,5294.442929999999
1.2036154859125294,2.3524051944994735,1.148789708586944,5294.543414074506,5294.46477
1.2037413611826262,2.352266502142604,1.148525140959978,5295.0425291851,5295.43931
1.2038672364527228,2.3521278097857348,1.148260573333012,5295.541644295693,5295.4604500000005
1.2039931117228195,2.351989117428865,1.1479960057060454,5296.040759406287,5296.440280000001
1.2041189869929163,2.3518504250719956,1.1477314380790793,5296.53987451688,5296.46159
1.204244862263013,2.351711732715126,1.1474668704521127,5297.038989627475,5297.437559999999
1.2043707375331096,2.3515730403582564,1.1472023028251468,5297.538104738068,5297.458769999999
1.2044966128032064,2.351434348001387,1.1469377351981807,5298.037219848662,5298.43796
1.204622488073303,2.3512956556445177,1.1466731675712147,5298.536334959255,5298.459339999999
1.2047483633433997,2.3511569632876483,1.1464085999442486,5299.035450069849,5299.432400000001
1.2048742386134965,2.3510182709307785,1.146144032317282,5299.534565180443,5299.45451
1.2050001138835933,2.350879578573909,1.1458794646903159,5300.033680291037,5300.44182
1.2051259891536898,2.35074088621704,1.14561489706335,5300.53279540163,5300.46319
1.2052518644237866,2.3506021938601704,1.1453503294363838,5301.0319105122235,5301.43561
1.2047583306776177,2.3504635015033006,1.145705170825683,5301.531025622818,5301.457719999999
1.2022580684633655,2.350324809146431,1.1480667406830654,5302.030140733412,5302.43692
1.1997578062491179,2.3501861167895615,1.1504283105404436,5302.529255844005,5302.45839
1.19725754403487,2.350047424432692,1.152789880397822,5303.028370954598,5303.434139999999
1.1947572818206178,2.3499087320758227,1.155151450255205,5303.5274860651925,5303.45608
1.19225701960637,2.3497700397189534,1.1575130201125834,5304.026601175786,5304.43491
1.1897567573921177,2.3496313473620836,1.1598745899699658,5304.52571628638,5304.45658
1.18725649517787,2.349492655005214,1.1622361598273443,5305.024831396973,5305.432589999999
1.1847562329636177,2.349353962648345,1.1645977296847272,5305.523946507567,5305.45373
1.1822559707493698,2.3492152702914755,1.1669592995421056,5306.023061618161,5306.42997
1.1797557085351176,2.3490765779346057,1.169320869399488,5306.522176728755,5306.4518499999995
1.1772554463208698,2.3489378855777363,1.1716824392568665,5307.021291839348,5307.43406
1.1747551841066175,2.3487991932208665,1.174044009114249,5307.520406949942,5307.45631
1.1728079521818096,2.3490224802724007,1.1762145280905911,5308.019522060536,5308.433889999999
1.172411171439113,2.3499128175486956,1.1775016461095826,5308.51863717113,5308.45751
1.172014390696417,2.350803154824989,1.1787887641285717,5309.017752281723,5309.42725
1.1716176099537206,2.3516934921012838,1.1800758821475632,5309.516867392317,5309.44856
1.1761727800251705,2.403691835553438,1.2275190555282673,5310.01598250291,5310.42926
1.2039852206560897,2.425809828568707,1.2218246079126174,5310.515097613505,5310.45181
1.2302505641238926,2.3893060002406687,1.1590554361167762,5311.014212724098,5311.42634
1.2530654568289492,2.3871044960561805,1.1340390392272313,5311.513327834692,5311.44879
1.2758803495339643,2.38655140774818,1.1106710582142156,5312.012442945285,5312.42882
1.2908564665706033,2.386573141606041,1.0957166750354377,5312.5115580558795,5312.450059999999
1.3041305859626124,2.4122610207998236,1.1081304348372112,5313.010673166473,5313.42798
1.3174047053546456,2.4379488999936534,1.1205441946390078,5313.509788277067,5313.4492199999995
1.2850553119762695,2.430587530473256,1.1455322184969865,5314.00890338766,5314.4322999999995
1.2339747269151629,2.4032096592271843,1.1692349323120215,5314.508018498254,5314.453570000001
1.1800881231928024,2.397698471546577,1.2176103483537746,5315.007133608848,5315.42586
1.17643384288784,2.396177478699573,1.219743635811733,5315.506248719442,5315.44794
1.205431823742142,2.3946564858525723,1.1892246621104303,5316.005363830035,5316.42623
1.241935652070213,2.3798530174978914,1.1379173654276784,5316.504478940629,5316.4475999999995
1.2706195922515002,2.3577986212163853,1.087179028964885,5317.0035940512225,5317.419150000001
1.2497602617783057,2.3272693647260403,1.0775091029477346,5317.502709161817,5317.441269999999
1.228900931305149,2.288737545935366,1.059836614630217,5318.00182427241,5318.42941
1.2032235549110855,2.2430786801140896,1.0398551252030042,5318.500939383004,5318.450849999999
1.1749330879568627,2.2125475517896938,1.037614463832831,5319.000054493597,5319.42395
1.2377891083087182,2.2321683595160353,0.9943792512073171,5319.499169604192,5319.44522
1.3141152948127228,2.251789167242341,0.9376738724296181,5319.998284714785,5320.4244100000005
1.3378187531561452,2.271528281827711,0.9337095286715658,5320.497399825379,5320.44643
1.3567225213974434,2.295396169580646,0.9386736481832028,5320.996514935972,5321.422570000001
1.357204479830617,2.284628698388284,0.9274242185576671,5321.4956300465665,5321.44435
1.3331119531341178,2.2688103727794715,0.9356984196453537,5321.99474515716,5322.42351
1.3148897158189456,2.2602687754873494,0.9453790596684037,5322.493860267754,5322.44491
1.3191484957905462,2.2795943316610012,0.9604458358704551,5322.992975378347,5323.42103
1.3234072757621544,2.298919887834688,0.9755126120725337,5323.492090488941,5323.44354
1.3093622552665087,2.3182454440083395,1.0088831887418308,5323.991205599535,5324.425990000001
1.279811537096157,2.3375710001820265,1.0577594630858695,5324.490320710129,5324.447429999999
1.2848299667973189,2.325352688517149,1.0405227217198303,5324.989435820722,5325.41928
1.3064618650658235,2.2982900902082064,0.9918282251423829,5325.488550931316,5325.44039
1.3221168576433437,2.2750603812721835,0.9529435236288397,5325.9876660419095,5326.41972
1.3221168576433437,2.2524338554642616,0.9303169978209178,5326.486781152504,5326.4423
1.3122135286179701,2.2341819413002564,0.9219684126822862,5326.985896263097,5327.41968
1.292374491483139,2.215930027136218,0.9235555356530789,5327.485011373691,5327.441519999999
1.2863228438971541,2.2033820500367995,0.9170592061396454,5327.984126484284,5328.41331
1.296752509133753,2.205663539307304,0.908911030173551,5328.483241594879,5328.43458
1.3071821743703327,2.2210014933942377,0.913819319023905,5328.982356705472,5329.4175700000005
1.3077010405935918,2.31317365992268,1.0054726193290882,5329.481471816066,5329.43927
1.2894491264295829,2.3492412798895703,1.0597921534599875,5329.980586926659,5330.425139999999
1.2741940807594423,2.2890099631482124,1.01481588238877,5330.479702037253,5330.44712
1.3408532455323534,2.333593844561397,0.9927405990290434,5330.978817147847,5331.42527
1.4075124103052647,2.3740425272908854,0.9665301169856206,5331.47793225844,5331.44661
1.3236106895556738,2.3452312833880953,1.0216205938324214,5331.977047369034,5332.41592
1.2834730332946622,2.328717646763487,1.0452446134688247,5332.476162479628,5332.43726
1.2778312758186061,2.3212218869782846,1.0433906111596785,5332.975277590222,5333.41394
1.2738849159993615,2.3414217362074985,1.067536820208137,5333.474392700815,5333.43508
1.2699385561801098,2.3399007433604955,1.0699621871803857,5333.973507811409,5334.414309999999
1.3137891228032204,2.34010131173838,1.0263121889351599,5334.472622922003,5334.43605
1.355382258691994,2.342953173326506,0.9875709146345122,5334.9717380325965,5335.4095099999995
1.318873279663202,2.3458050349146324,1.0269317552514305,5335.47085314319,5335.43142
1.318873279663202,2.3461743955807464,1.0273011159175445,5335.969968253784,5336.4173200000005
1.318873279663202,2.3288545944599774,1.0099813147967756,5336.469083364377,5336.4385999999995
1.318873279663202,2.2998594019761613,0.9809861223129595,5336.968198474971,5337.41132
1.318873279663202,2.270864209492398,0.9519909298291962,5337.467313585565,5337.43246
1.2886602315025733,2.329580663488667,1.0409204319860939,5337.966428696159,5338.41263
1.3468225436690808,2.3419557705150966,0.9951332268460158,5338.465543806752,5338.433940000001
1.31348148096626,2.320770056150746,1.0072885751844858,5338.964658917346,5339.40817
1.3168040248014627,2.3091237900068844,0.9923197652054216,5339.4637740279395,5339.429440000001
1.3149790194517386,2.308293856696417,0.9933148372446783,5339.962889138534,5340.41041
1.272067404287353,2.2872647843016645,1.0151973800143115,5340.462004249127,5340.43162
1.2717542976932454,2.2625082508928065,0.990753953199561,5340.961119359721,5341.40874
1.347103506143557,2.2771423854402038,0.9300388792966467,5341.460234470314,5341.429980000001
1.3710177803913026,2.2951902516858866,0.924172471294584,5341.959349580909,5342.41611
1.3502694476296462,2.2942278711554924,0.9439584235258462,5342.458464691502,5342.43738
1.3251142985298918,2.2698771417961403,0.9447628432662485,5342.957579802096,5343.40481
1.293991799387384,2.2838582328395667,0.9898664334521827,5343.456694912689,5343.42602
1.3140775917075553,2.3273561148990805,1.0132785231915251,5343.955810023283,5344.40686
1.2968773501918058,2.2567737023253067,0.9598963521335009,5344.454925133877,5344.42813
1.2795930934275235,2.301394037341579,1.0218009439140554,5344.954040244471,5345.400860000001
1.2789014823354679,2.353318908903587,1.074417426568119,5345.453155355064,5345.42263
1.2966397494056536,2.3499433331382034,1.0533035837325497,5345.952270465658,5346.40029
1.3192209605768812,2.391925497512821,1.0727045369359396,5346.451385576252,5346.42199
1.2788377293814035,2.4393727491926978,1.1605350198112943,5346.950500686846,5347.40266
1.2742217238759157,2.409932547301157,1.135710823425241,5347.449615797439,5347.4244100000005
1.2843598086111772,2.3311378348117295,1.0467780262005524,5347.948730908033,5348.40705
1.3151372985189107,2.335285468875668,1.0201481703567572,5348.4478460186265,5348.42836
1.3547432888566409,2.3064096405518204,0.9516663516951795,5348.946961129221,5349.40142
1.3853903632646276,2.296522269935864,0.9111319066712362,5349.446076239814,5349.42256
1.3131603569878916,2.302974217182897,0.9898138601950053,5349.945191350408,5350.40296
1.238650634567269,2.302176204384371,1.063525569817102,5350.444306461001,5350.42541
1.2669886313279002,2.3229569498187477,1.0559683184908475,5350.9434215715955,5351.40283
1.2780985802883473,2.3542946375174405,1.0761960572290932,5351.442536682189,5351.42454
1.2778117369782778,2.3764437353087704,1.0986319983304926,5351.941651792783,5352.40242
1.2775248936682086,2.3676452663717225,1.0901203727035138,5352.440766903376,5352.42383
1.277238050358139,2.3528436132413395,1.0756055628832004,5352.93988201397,5353.40142
1.27695120704807,2.3541139193287877,1.0771627122807177,5353.438997124564,5353.42272
1.292655640488439,2.3523849439941884,1.0597293035057493,5353.938112235158,5354.40808
1.3236813855022493,2.3233619063943647,0.9996805208921153,5354.437227345751,5354.429389999999
1.3602849613160717,2.3497965054965912,0.9895115441805196,5354.936342456345,5355.400570000001
1.4296211619373131,2.4259503783543797,0.9963292164170665,5355.435457566939,5355.42205
1.422421861311949,2.3678539387314728,0.9454320774195237,5355.934572677533,5356.39977
1.3163776757842807,2.3477922596792533,1.0314145838949726,5356.433687788126,5356.42211
1.2768014772809508,2.3464678980136124,1.0696664207326616,5356.93280289872,5357.393
1.3107067657528593,2.345143536347974,1.0344367705951145,5357.431918009313,5357.414269999999
1.3804842024495552,2.345310432685527,0.9648262302359718,5357.931033119908,5358.39916
1.4493363597425555,2.391265458020672,0.9419290982781163,5358.430148230501,5358.42063
1.4699203470307352,2.392194487845823,0.9222741408150876,5358.929263341095,5359.39466
1.470728723631839,2.393123517670972,0.922394794039133,5359.428378451688,5359.41607
1.471537100232944,2.394052547496123,0.9225154472631789,5359.9274935622825,5360.40197
1.4723454768340478,2.394981577321272,0.9226361004872243,5360.426608672876,5360.42391
1.437389005639974,2.373909724644493,0.936520719004519,5360.92572378347,5361.39647
1.3786977232677742,2.353975186353034,0.9752774630852599,5361.424838894063,5361.41768
1.3756048040983269,2.3525276282533807,0.9769228241550538,5361.923954004657,5362.39784
1.3725118849288853,2.35108007015373,0.9785681852248447,5362.423069115251,5362.41962
1.3694189657594382,2.349632512054077,0.9802135462946389,5362.922184225845,5363.39382
1.3680304528726948,2.3481849539544264,0.9801545010817316,5363.421299336438,5363.41616
1.41841068526778,2.3892399623794773,0.9708292771116973,5363.920414447032,5364.39429
1.4481692110394653,2.394892946363073,0.9467237353236075,5364.4195295576255,5364.415690000001
1.4529240372973569,2.39733392668798,0.944409889390623,5364.91864466822,5365.393150000001
1.4576788635552398,2.399774907012882,0.9420960434576422,5365.417759778813,5365.41435
1.443198441181879,2.402215887337784,0.9590174461559051,5365.916874889406,5366.39479
1.3394567773735067,2.187302302087593,0.8478455247140864,5366.41599,5366.41599
